,Product_Name,Selling_Price,Original_Price,Discount,Product_URL,Product_Rating,No_Of_People_Rated
0,Natural Baby Soap,113,150,0.25,https://themomsco.com/product/natural-baby-soap-75g.html,4.9,42
1,Natural Daily Sunscreen,287,442,0.35,https://themomsco.com/product/natural-daily-sunscreen.html,5.0,125
2,Natural Daily Face Toner (200 ml),255,393,0.35,https://themomsco.com/product/natural-vitamin-c-daily-face-toner-200-ml.html,5.0,394
3,Natural Vita Rich Under Eye Cream (15gm) - Face Care,284,474,0.4,https://themomsco.com/product/natural-vita-rich-under-eye-cream-15g.html,4.9,15
4,Natural Age Control Night Cream (50gm) - Face Care,519,798,0.35,https://themomsco.com/product/natural-age-control-night-cream-50gm.html,5.0,1
5,Natural Body Wash (200ml),226,348,0.35,https://themomsco.com/product/natural-body-wash-200ml.html,5.0,78
6,Natural Brightening Vitamin C Face Cream (50 Gm),375,577,0.35,https://themomsco.com/product/natural-skin-brightening-vitamin-c-face-cream-50.html,5.0,103
7,Natural Green Tea Face Toner (100 ml),147,226,0.35,https://themomsco.com/product/natural-green-tea-face-toner-100ml.html,5.0,55
8,Natural Age Control Day Cream (50GM),454,699,0.35,https://themomsco.com/product/natural-age-control-day-cream-50-gm.html,5.0,52
9,Natural Baby Sunscreen with SPF 50+ (100ml) - Baby Care,308,474,0.35,https://themomsco.com/product/natural-sunscreen.html,Not_available,0
10,C-T-M Daily Skincare Essentials Box,582,969,0.4,https://themomsco.com/product/daily-skincare-essential-kit.html,5.0,45
11,Natural Age Control Moisturizing Bundle,647,1294,0.5,https://themomsco.com/product/natural-age-control-moisturizing-bundle.html,5.0,2
12,Natural Age Control Night Repair Bundle,697,1393,0.5,https://themomsco.com/product/natural-age-control-night-repair-bundle.html,5.0,1
13,Natural Age Control Day and Night Care Combo,973,1497,0.35,https://themomsco.com/product/natural-age-control-day-and-night-care-combo.html,5.0,12
14,Natural Baby Soap (Pack of 2),181,279,0.35,https://themomsco.com/product/natural-baby-soap-pack-of-2.html,5.0,12
15,Natural Mosquito Repellent (100 ML),226,348,0.35,https://themomsco.com/product/natural-mosquito-repellent-100-ml.html,5.0,47
16,Natural Diaper Rash Cream (25gm) - Baby Care,129,199,0.35,https://themomsco.com/product/natural-diaper-rash-cream-25gm.html,Not_available,0
17,Natural Vita Rich Face Serum (30ML),699,699,0.0,https://themomsco.com/product/natural-vita-rich-face-serum-30ml.html,4.9,245
18,Natural Green Tea Night Gel (50gm),387,595,0.35,https://themomsco.com/product/natural-green-tea-night-gel-50gm.html,5.0,49
19,Natural Green Tea Face Cream (50gm),375,577,0.35,https://themomsco.com/product/natural-green-tea-face-cream-50gm.html,5.0,41
20,Soft Baby Skin Bundle,511,786,0.35,https://themomsco.com/product/natural-baby-wash-lotion-soft-skin-bundle-for-baby.html,5.0,5
21,Natural Bath Essentials for Baby,659,1179,0.44,https://themomsco.com/product/natural-baby-bath-essentials.html,Not_available,0
22,Natural Tear-Free Cleaning Bundle for Baby,511,786,0.35,https://themomsco.com/product/natural-tear-free-cleaning-bundle-baby.html,5.0,1
23,Baby Bath Bestseller combo,417,642,0.35,https://themomsco.com/product/baby-bath-bestseller-combo.html,5.0,5
24,Natural 99% Water Baby Wipes (Pack of 3),671,895,0.25,https://themomsco.com/product/natural-99-water-baby-wipes-pack-of-3.html,5.0,34
25,Natural Advanced 20% Vitamin C Face Serum (20ML),454,699,0.35,https://themomsco.com/product/natural-advanced-vitamin-c-face-serum.html,5.0,58
26,Natural Hair Care Essentials for Baby,445,741,0.4,https://themomsco.com/product/natural-hair-strengthening-bundle-for-baby.html,5.0,1
27,Baby Bath and Moisturizing Duo,552,849,0.35,https://themomsco.com/product/baby-bath-and-moisturizing-duo.html,5.0,1
28,Natural Green Tea Face Scrub (75 gm),255,393,0.35,https://themomsco.com/product/natural-green-tea-face-scrub-75-gm.html,4.9,28
29,Diaper Care Bundle,269,448,0.4,https://themomsco.com/product/diaper-care-bundle.html,5.0,4
30,Natural 99% Water Baby Wipes (Pack of 2),350,499,0.3,https://themomsco.com/product/natural-99-water-baby-wipes-pack-of-2.html,5.0,6
31,Oily Skin Hydration Essentials,586,1172,0.5,https://themomsco.com/product/oily-skin-hydration-essentials.html,5.0,5
32,Natural Advanced 20% Vitamin C Skin Brightening Duo,766,1276,0.4,https://themomsco.com/product/natural-advanced-vitamin-c-skin-brightening-duo.html,5.0,2
33,Natural Daily Face Toner 100ML,147,226,0.35,https://themomsco.com/product/natural-daily-face-toner-100ml.html,4.9,45
34,Natural Coffee Cranberry Face Scrub (75 gm),255,393,0.35,https://themomsco.com/product/natural-coffee-cranberry-face-scrub-15.html,5.0,44
35,Natural Stretch Oil (100ml),255,393,0.35,https://themomsco.com/product/natural-stretch-oil-for-stretch-marks-100-ml.html,4.7,50
36,Natural Vita Rich Face Cream (50ML),454,699,0.35,https://themomsco.com/product/natural-vita-rich-face-cream-50ml.html,5.0,25
37,Natural Nipple Butter (25gm) - Pregnancy Care,194,299,0.35,https://themomsco.com/product/natural-nipple-butter.html,Not_available,0
38,Natural Coffee Cranberry Body Scrub (100 gm),293,450,0.35,https://themomsco.com/product/natural-coffee-cranberry-body-scrub.html,4.9,24
39,Natural Body Lotion (200ml),255,393,0.35,https://themomsco.com/product/natural-body-lotion-200ml.html,4.9,68
40,Natural Baby Wash (400ml) - Baby Care,454,699,0.35,https://themomsco.com/product/natural-baby-wash-400ml.html,Not_available,0
41,Natural Baby Wash (200ml) - Baby Care,255,393,0.35,https://themomsco.com/product/natural-baby-wash-200ml.html,Not_available,0
42,Vita Rich Anti Pigmentation Kit,699,1398,0.5,https://themomsco.com/product/vita-rich-anti-pigmentation-kit.html,5.0,3
43,Natural Baby Shampoo (400ml) - Baby Care,524,699,0.25,https://themomsco.com/product/natural-baby-shampoo-400-ml.html,Not_available,0
44,Natural Baby Shampoo (200ml) - Baby Care,215,393,0.45,https://themomsco.com/product/natural-baby-shampoo-200-ml.html,5.0,2
45,Natural Vita Rich Face Cream (25 ml),255,393,0.35,https://themomsco.com/product/natural-vita-rich-face-cream-25ml.html,5.0,36
46,Natural KA+ Damage Repair Shampoo (200ML),265,492,0.46,https://themomsco.com/product/natural-ka-damage-repair-shampoo-200ml.html,4.8,25
47,Body Butter,429,429,0.0,https://themomsco.com/product/natural-body-butter-100-gm.html,4.9,20
48,Natural Baby Lotion(400ml) - Baby Care,454,699,0.35,https://themomsco.com/product/natural-baby-lotion-400ml.html,5.0,2
49,Natural Baby Lotion(200ml) - Baby Care,295,393,0.25,https://themomsco.com/product/natural-baby-lotion-200m-2023.html,Not_available,0
50,Natural Massage Oil,162,249,0.35,https://themomsco.com/product/natural-massage-oil-100-ml.html,5.0,10
51,Natural Green Tea Body Scrub (100 gm),293,450,0.35,https://themomsco.com/product/natural-green-tea-body-scrub.html,4.9,65
52,Natural KA+ Damage Repair Hair Conditioner (200ML),320,492,0.35,https://themomsco.com/product/natural-ka-damage-repair-hair-conditioner-200ml.html,4.9,10
53,Natural Baby Hair oil,226,348,0.35,https://themomsco.com/product/natural-baby-hair-oil-100-ml.html,5.0,9
54,Natural Talc-Free Baby Powder (100gm) - Baby Care,187,249,0.25,https://themomsco.com/product/natural-talc-free-baby-powder-100-gm.html,Not_available,0
55,Natural Clay Face Mask (100 GM),599,599,0.0,https://themomsco.com/product/natural-clay-face-mask-100-g.html,4.9,74
56,Natural Baby Travel Kit,267,297,0.1,https://themomsco.com/product/natural-baby-starter-talc-free-cornstarch-powder-wash-lotion-shampoo-travel.html,Not_available,0
57,Natural Lip Balm,129,199,0.35,https://themomsco.com/product/the-moms-co-natural-fruit-lip-balm.html,4.9,56
58,Natural Sensitive Skin Wash With Mono Cartons 200 ml,419,599,0.3,https://themomsco.com/product/natural-sensitive-skin-wash-200-ml.html,5.0,3
59,Moisturizing AM-PM Duo + Rs.400 GiftCard,1279,1279,0.0,https://themomsco.com/product/moisturizing-am-pm-duo-rs400-giftcard.html,Not_available,0
60,500 GiftCard,500,500,0.0,https://themomsco.com/product/500-giftcard.html,Not_available,0
61,Natural Vita Rich Face Cream (25 ml) + Rs.300 Gift Card,693,693,0.0,https://themomsco.com/product/combo2101.html,5.0,1
62,Vita Rich Face Serum(30ml) +Vita Rich Face Serum (8ml)+ Rs.200 GiftCard,1148,1148,0.0,https://themomsco.com/product/vita-rich-face-serum30ml-vita-rich-face-serum-8ml-rs200-giftcard.html,Not_available,0
63,Vita Rich Face Serum + Mini Green Tea Night Gel + Rs.200 GiftCard,1035,1035,0.0,https://themomsco.com/product/vita-rich-face-serum-mini-green-tea-night-gel-rs200-giftcard.html,Not_available,0
64,Vita Rich Face Serum + Mini  Age Control Day Cream + Rs.200 GiftCard,1049,1049,0.0,https://themomsco.com/product/vita-rich-face-serum-mini-age-control-day-cream-rs200-giftcard.html,Not_available,0
65,Vita Rich Face Serum + Mini Green Tea Face Toner + Rs.200 GiftCard,998,998,0.0,https://themomsco.com/product/vita-rich-face-serum-mini-green-tea-face-toner-rs200-giftcard.html,Not_available,0
66,Vita Rich Face Serum + Mini Hair Strengthening Oil + Rs.200 GiftCard,998,998,0.0,https://themomsco.com/product/vita-rich-face-serum-mini-hair-strengthening-oil-rs200-giftcard.html,Not_available,0
67,Vita Rich Face Serum + Mini Daily Face Toner + Rs.200 GiftCard,998,998,0.0,https://themomsco.com/product/vita-rich-face-serum-mini-daily-face-toner-rs200-giftcard.html,Not_available,0
68,Vita Rich Face Serum + Mini Vitamin C Face Wash (20ML) + Rs.200 GiftCard,998,998,0.0,https://themomsco.com/product/vita-rich-face-serum-mini-vitamin-c-face-wash-20ml-rs200-giftcard.html,Not_available,0
69,Vitamin C Face Wash + Mini Daily Face Toner + Rs.200 GiftCard,548,548,0.0,https://themomsco.com/product/vitamin-c-face-wash-mini-daily-face-toner-rs200-giftcard.html,Not_available,0
70,Natural Vitamin C Cleanse & Hydrate Bundle,642,642,0.0,https://themomsco.com/product/combo2084.html,5.0,97
71,Natural Vitamin C Face Wash (80 ml),249,249,0.0,https://themomsco.com/product/natural-vitamin-c-face-wash-80-ml.html,5.0,128
72,Baby Water Wipes pack of 1 ,162,249,0.35,https://themomsco.com/product/baby-water-wipes-pack-of-1.html,Not_available,0
73,Complete Mosquito Protection Duo,358,597,0.4,https://themomsco.com/product/complete-mosquito-protection-duo.html,Not_available,0
74,Natural After Bite Roll On (40ml),162,249,0.35,https://themomsco.com/product/natural-after-bite-roll-on-40ml.html,5.0,8
75,Daily Vitamin C Refreshing Bundles,475,475,0.0,https://themomsco.com/product/combo2087.html,5.0,13
76,Moisturizing AM-PM Combo,849,849,0.0,https://themomsco.com/product/combo2098.html,5.0,3
77,Natural Ceramide Face Cream (30gm),335,447,0.25,https://themomsco.com/product/natural-ceramide-face-cream-30gm.html,Not_available,0
78,Natural Cocoa Body Butter (100gm),341,525,0.35,https://themomsco.com/product/natural-cocoa-body-butter-100gm.html,Not_available,0
79,Natural Clay Face Wash 80ml without monocarton,162,249,0.35,https://themomsco.com/product/natural-clay-face-wash-80ml.html,5.0,6
80,Natural Green Tea Face Toner (200 ml),255,393,0.35,https://themomsco.com/product/natural-green-tea-toner-200ml.html,4.9,22
81,Natural Green Tea Face Toner + Mini Night Cream + Mini Day Cream,556,556,0.0,https://themomsco.com/product/natural-green-tea-face-toner-mini-night-cream-mini-day-cream.html,Not_available,0
82,Face Care Combo,547,547,0.0,https://themomsco.com/product/face-care-mini-combo-2023.html,5.0,1
83,Natural Liquid Cleanser 300ml,226,348,0.35,https://themomsco.com/product/natural-liquid-cleanser-300ml.html,4.8,4
84,Natural Age Control Face Serum,387,595,0.35,https://themomsco.com/product/natural-age-control-face-serum.html,5.0,26
85,The Moms Co. Anti-Pigmentation Bundle,1092,1092,0.0,https://themomsco.com/product/the-moms-co-anti-pigmentation-bundle.html,5.0,7
86,Baby cream 50gm,162,249,0.35,https://themomsco.com/product/baby-cream-50gm.html,5.0,1
87,Natural Ceramide Face Serum (30ml),449,599,0.25,https://themomsco.com/product/natural-ceramide-face-serum-30ml.html,5.0,5
88,Natural Sun Protection Duo - Mom & Baby,641,916,0.3,https://themomsco.com/product/combo2099.html,Not_available,0
89,Oily Skin CTM Regime,549,1052,0.48,https://themomsco.com/product/oily-skin-ctm-regime.html,5.0,16
90,Natural Vitamin C Face Wash + Mini Night Cream + Mini Day Cream,579,579,0.0,https://themomsco.com/product/natural-vitamin-c-face-wash-mini-night-cream-mini-day-cream.html,5.0,1
91,Natural Vitamin C Oil-Free Moisturizer,226,348,0.35,https://themomsco.com/product/natural-vitamin-c-oil-free-moisturizer.html,4.9,52
92,The Moms Co. Face & Lip Care Combo,592,592,0.0,https://themomsco.com/product/the-moms-co-face-lip-care-combo.html,5.0,3
93,Natural Vita Rich Under Eye Cream - Pack of 2,569,948,0.4,https://themomsco.com/product/combo2096.html,5.0,1
94,Natural Vitamin C Face Cream 25gm,194,298,0.35,https://themomsco.com/product/natural-vitamin-c-face-cream-25gm.html,5.0,21
95,Natural Vita Rich Face Serum (30ML) - Pack of 2,1398,1398,0.0,https://themomsco.com/product/natural-vita-rich-face-serum-30ml-pack-of-2.html,5.0,2
96,Skin Care Must-Haves Mini,302,378,0.2,https://themomsco.com/product/skin-care-must-haves-mini.html,Not_available,0
97,Soothing Skin Care Duo,382,478,0.2,https://themomsco.com/product/soothing-skin-care-duo.html,Not_available,0
98,Natural Vita Rich Face Wash (100ML),226,348,0.35,https://themomsco.com/product/natural-vita-rich-face-wash-100-ml.html,4.8,154
99,Natural Hydrating Face Mist,194,298,0.35,https://themomsco.com/product/natural-hydrating-face-mist.html,5.0,55
100,Natural 10% Vitamin C Face Serum (30Ml),387,595,0.35,https://themomsco.com/product/natural-10-vitamin-c-face-serum-30ml.html,5.0,97
101,Vita Rich Under Eye and Face Serum Combo,587,1173,0.5,https://themomsco.com/product/natural-vita-rich-under-eye-face-serum-combos.html,5.0,9
102,Natural Baby Bottom Wash (50ML),147,226,0.35,https://themomsco.com/product/natural-baby-bottom-wash-50ml.html,5.0,5
103,Natural Protein Haircare Bundle,515,858,0.4,https://themomsco.com/product/natural-hair-care-bundle.html,4.9,28
104,Stretch Marks Bundle - Pregnancy Care,493,822,0.4,https://themomsco.com/product/stretch-marks-bundle.html,5.0,2
105,Baby Pampering Suitcase Kit - Baby Care,1679,2399,0.3,https://themomsco.com/product/baby-pampering-kit.html,Not_available,0
106,Natural Sensitive Skin Solution,655,1091,0.4,https://themomsco.com/product/natural-soothing-relief-solution.html,Not_available,0
107,Natural Age Control Face Oil (30ml),308,474,0.35,https://themomsco.com/product/natural-age-control-face-oil.html,5.0,27
108,Natural Complete Moisturizing Set For Face and Body,792,1320,0.4,https://themomsco.com/product/complete-winter-care-set.html,5.0,4
109,Baby Moisturizing Duo,404,786,0.49,https://themomsco.com/product/baby-moisturizing-duo.html,5.0,1
110,Natural Age Control Day Cream And Face Oil,704,1173,0.4,https://themomsco.com/product/natural-age-control-day-cream-face-oil.html,5.0,1
111,Natural Age Control Skin Firming Kit,1386,1980,0.3,https://themomsco.com/product/natural-age-control-skin-firming-kit.html,5.0,5
112,Baby Must Have with Ribbon Gift Box,909,1299,0.3,https://themomsco.com/product/baby-must-have-gift-box.html,Not_available,0
113,Baby Essentials with Ribbon Gift Box,909,1299,0.3,https://themomsco.com/product/baby-bath-essentials-ribbon-gift-box.html,5.0,3
114,Complete Care Pregnancy Gift Box - Pregnancy Care,1014,1689,0.4,https://themomsco.com/product/mom-to-be-complete-care-gift-set.html,Not_available,0
115,Newborn Baby Care Essentials - Baby Care,1184,1692,0.3,https://themomsco.com/product/baby-complete-care-ribbon-gift-box.html,Not_available,0
116,Natural Age Control Night Cream And Face Oil,763,1272,0.4,https://themomsco.com/product/natural-age-control-night-cream-face-oil.html,5.0,8
117,NATURAL HAIR STRENGTHENING OIL,389,599,0.35,https://themomsco.com/product/natural-hair-strengthening-oil-200-ml.html,5.0,12
118,Complete Natural Age Control Routine,1226,2043,0.4,https://themomsco.com/product/complete-natural-age-control-routine.html,5.0,2
119,Natural 10% Vitamin C Repair Combo,762,1172,0.35,https://themomsco.com/product/natural-vitamin-c-repair-combo.html,5.0,5
120,Natural Foot Cream (50 gm),162,249,0.35,https://themomsco.com/product/natural-foot-cream-50-gm.html,4.7,13
121,Natural Age Control Under Eye Cream (25GM),355,546,0.35,https://themomsco.com/product/natural-age-control-under-eye-cream-25-gm.html,4.9,18
122,Natural Vita Rich Face Care Regime Kit,1437,2395,0.4,https://themomsco.com/product/natural-vita-rich-face-care-kit.html,5.0,6
123,Natural Age Control Under Eye Cream And Face Oil,510,1020,0.5,https://themomsco.com/product/natural-age-control-under-eye-cream-face-oil.html,5.0,2
124,Natural Age Control Essential Night Regime,672,1344,0.5,https://themomsco.com/product/natural-age-control-essential-night-regime.html,4.7,7
125,Vita Rich Morning Care,524,1047,0.5,https://themomsco.com/product/natural-vita-rich-morning-care.html,4.9,8
126,Natural KA+ Damage Repair Hair Kit,492,984,0.5,https://themomsco.com/product/natural-damage-repair-hair-kit-ka.html,5.0,9
127,Vita Rich Under Eye Care Combo,534,822,0.35,https://themomsco.com/product/natural-vita-rich-under-eye-care-combo.html,5.0,3
128,Natural Hair Strengthening Oil 100ml ,215,429,0.5,https://themomsco.com/product/natural-hair-strengthening-oil-100ml.html,5.0,5
129,Anti Hair Fall 3-Step Protein Kit,725,1449,0.5,https://themomsco.com/product/natural-anti-hair-fall-protein-kit.html,5.0,1
130,Natural Pain Relief Oil (100 ml),357,549,0.35,https://themomsco.com/product/natural-pain-relief-oil.html,5.0,7
131,Essential Night Care Regime,524,1047,0.5,https://themomsco.com/product/natural-vita-rich-night-repair-face-wash-100-ml-face-serum-30ml.html,5.0,2
132,Vita Rich Night Repair Kit,761,1521,0.5,https://themomsco.com/product/natural-vita-rich-daily-night-repair.html,5.0,3
133,Natural Anti-Hair fall complete care kit,772,1287,0.4,https://themomsco.com/product/anti-hair-fall-complete-care-kit.html,5.0,13
134,Natural Talc-Free Baby Powder (200gm) - Baby Care,364,486,0.25,https://themomsco.com/product/natural-talc-free-baby-powder-200-gm.html,Not_available,0
135,Natural Tummy Roll On  (40 ml),176,270,0.35,https://themomsco.com/product/natural-tummy-roll-on-40-ml.html,Not_available,0
136,Day and Night Repair Bundle,873,1746,0.5,https://themomsco.com/product/natural-vita-rich-night-repair-kit.html,5.0,1
137,Natural Protein Hair Serum (100 ml),384,591,0.35,https://themomsco.com/product/natural-protein-hair-serum.html,4.9,53
138,Vita Rich Face Serum + Mini Clay Face Wash + Rs.200 GiftCard,998,998,0.0,https://themomsco.com/product/vita-rich-face-serum-mini-clay-face-wash-rs200-giftcard.html,Not_available,0
139,Vita Rich Face Serum + Mini Vita Rich Face Wash + Rs.200 GiftCard,998,998,0.0,https://themomsco.com/product/vita-rich-face-serum-mini-vita-rich-face-wash-rs200-giftcard.html,Not_available,0
140,Vita Rich Face Serum + Mini Vitamin C Face Cream + Rs.200 GiftCard,1097,1097,0.0,https://themomsco.com/product/vita-rich-face-serum-mini-vitamin-c-face-cream-rs200-giftcard.html,Not_available,0
141,Vita Rich Face Serum + Mini Green Tea Face Cream + Rs.200 GiftCard,1097,1097,0.0,https://themomsco.com/product/vita-rich-face-serum-mini-green-tea-face-cream-rs200-giftcard.html,Not_available,0
142,Vita Rich Face Serum + Mini Green Tea Face Wash + Rs.200 GiftCard,998,998,0.0,https://themomsco.com/product/vita-rich-face-serum-mini-green-tea-face-wash-rs200-giftcard.html,Not_available,0
143,Anti-Pigmentation Bundle,1092,1092,0.0,https://themomsco.com/product/anti-pigmentation-bundle.html,Not_available,0
144,Face & Lip Repair Bundle,337,674,0.5,https://themomsco.com/product/face-lip-repair-bundle.html,Not_available,0
145,Face & Lip Refreshing Bundle,462,923,0.5,https://themomsco.com/product/face-lip-refreshing-bundle.html,Not_available,0
146,Hair Repair Duo,510,1020,0.5,https://themomsco.com/product/hair-repair-duo.html,Not_available,0
147,Face & Lip Replenish Bundle,213,425,0.5,https://themomsco.com/product/face-lip-replenish-bundle.html,Not_available,0
148,Natural Diaper Rash Cream (50g),226,348,0.35,https://themomsco.com/product/natural-diaper-rash-cream-50g.html,5.0,2
149,Natural Exfoliating Lip Scrub,194,298,0.35,https://themomsco.com/product/natural-exfoliating-lip-scrub.html,4.9,16
150,Natural Niacinamide Face Serum,291,447,0.35,https://themomsco.com/product/natural-niacinamide-face-serum.html,4.9,30
151,Daily Face Care Kit Mini,284,334,0.15,https://themomsco.com/product/daily-face-care-kit-mini.html,5.0,2
152,Cherry Lip balm + Exfoliating Lip Scrub + Daily face toner ( 100ml) ,723,723,0.0,https://themomsco.com/product/combo2097.html,Not_available,0
153,Natural Ceramide Face Toner (100ml) - Face Care,147,226,0.35,https://themomsco.com/product/natural-ceramide-face-toner-100ml.html,5.0,2
154,Natural Lip Care Duo,398,497,0.2,https://themomsco.com/product/natural-lip-care-duo.html,Not_available,0
155,Natural Sensitive Skin Lotion With Mono Cartons 150ml,320,492,0.35,https://themomsco.com/product/natural-sensitive-skin-lotion-150-ml.html,Not_available,0
156,Natural Vitamin C Must Haves,924,1421,0.35,https://themomsco.com/product/natural-vitamin-c-must-haves.html,5.0,10
157,Overnight Repair Duo,569,948,0.4,https://themomsco.com/product/overnight-repair-duo.html,Not_available,0
158,Nourishing Lip Kit for Chapped Lips,318,398,0.2,https://themomsco.com/product/nourishing-lip-kit-for-chapped-lips.html,Not_available,0
159,Natural Baby Laundry Detergent 500ml,279,429,0.35,https://themomsco.com/product/natural-baby-laundry-detergent-500ml.html,5.0,2
